,0,1,2,3,4,5
0,3.9080904236596647e-07,1.3224358007534722e-07,1.1441108562620999,3.3290948717079347,0.9437803655776686,0.06880403748373032
1,3.643460215505041e-07,1.432272649203867e-07,1.0768992967737432,3.3457263628379823,0.9426522462463601,0.0763459234052194
2,4.3371930280580436e-07,1.1709543079293372e-07,1.03496636243786,3.3932731385563173,0.9444943482824707,0.06569676731118035
3,4.0360791782082507e-07,1.2067629113874544e-07,0.9768505268414844,3.330072316824789,0.9415744216034168,0.06852519319941308
4,3.827997978680348e-07,1.3035032157879585e-07,0.8353291766224733,3.384159735264541,0.9465150579110455,0.07423453228856391
5,4.138294320465285e-07,1.1748095204584373e-07,1.1309197880090522,3.397967888738138,0.942953945111085,0.06466797547969427
6,3.9808189307286226e-07,1.2027951588200114e-07,0.8617249430845536,3.372347342759007,0.9472507233543453,0.0681993075607189
7,3.749849989285938e-07,1.2854851774898575e-07,1.0261456920918015,3.29414753260596,0.944051965373389,0.07257037823986867
8,3.749849989285938e-07,1.2854851774898575e-07,1.0261456920918015,3.29414753260596,0.944051965373389,0.07257037823986867
9,4.1566691800219276e-07,1.3068720716952763e-07,1.085960271038054,3.340931344147054,0.9445074905306293,0.06772421398749084
10,3.9670161140167517e-07,1.404638320761865e-07,1.2367286633828691,3.481716697548617,0.9409765694136557,0.06697890000330442
11,4.022525102928649e-07,1.1799350276495062e-07,0.8760943338483136,3.3385296676487997,0.9426903259239621,0.07169368683155686
12,3.5245941373646583e-07,1.5733201688684718e-07,1.2225651451357307,3.4822630781648645,0.940782708819585,0.07428582666771877
13,3.8077034061196283e-07,1.2868322247059803e-07,1.1415199254303554,3.487915008021699,0.9456847450817264,0.06645543775664897
14,4.049615218214802e-07,1.278554995016289e-07,0.8395670465403443,3.2900773259583644,0.9411664502762851,0.0769426172135399
15,3.716606532900847e-07,1.4519704834314312e-07,1.2394712023735528,3.3877187507168696,0.9390036165157656,0.07630294177782582
16,3.468739725968633e-07,1.432015940025477e-07,1.1570284110174167,3.309767068172343,0.9409217909590506,0.0721053262511594
17,4.0548258656205825e-07,1.233417910375016e-07,1.0412994573005783,3.4082467113525157,0.9428213439393469,0.06928733320020997
18,4.81827577887231e-07,1.1618254418193168e-07,0.7927527369407988,3.3498840072658873,0.9438091374004722,0.07059643394476955
19,3.5245941373646583e-07,1.5733201688684718e-07,1.2225651451357307,3.4822630781648645,0.940782708819585,0.07428582666771877
20,3.643460215505041e-07,1.432272649203867e-07,1.0768992967737432,3.3457263628379823,0.9426522462463601,0.0763459234052194
21,3.6494111200115567e-07,1.3984978441218996e-07,0.9660833060654516,3.4056126080897053,0.9448705492199321,0.07433296936676703
22,3.5791927921390885e-07,1.3424771210765703e-07,1.1984439536871385,3.2357880382671915,0.9436614825774409,0.06779387437571716
23,3.8859888516983297e-07,1.1178036900411425e-07,0.9270957204297936,3.3508767704150757,0.9466737402563368,0.07332778194177914
24,3.77898573998709e-07,1.322674775034342e-07,1.105113903126342,3.2600804159464976,0.9434658532669696,0.07379461575555069
25,3.8313066821743135e-07,1.2970497810169354e-07,1.0469952827874318,3.386855371481883,0.943507893499222,0.06864773466811447
26,4.162267019129151e-07,1.2377323662803347e-07,1.0689781601020139,3.401592619106533,0.943610500130496,0.06712240224977939
27,4.138294320465285e-07,1.1748095204584373e-07,1.1309197880090522,3.397967888738138,0.942953945111085,0.06466797547969427
28,4.1566691800219276e-07,1.3068720716952763e-07,1.085960271038054,3.340931344147054,0.9445074905306293,0.06772421398749084
29,3.9699949205461883e-07,1.2362301721273744e-07,0.9175358302468324,3.3840804472485178,0.9428734782513529,0.07566014511038754
30,3.6494111200115567e-07,1.3984978441218996e-07,0.9660833060654516,3.4056126080897053,0.9448705492199321,0.07433296936676703
31,4.178394228875811e-07,1.185851234231958e-07,1.1246154510970234,3.4734000208032336,0.9424429516316101,0.06800739494461416
32,3.818158484859812e-07,1.2449890903916757e-07,0.823130383673058,3.3914900327884454,0.9465893555553632,0.07408257826563136
33,3.5791927921390885e-07,1.3424771210765703e-07,1.1984439536871385,3.2357880382671915,0.9436614825774409,0.06779387437571716
34,4.3371930280580436e-07,1.1709543079293372e-07,1.03496636243786,3.3932731385563173,0.9444943482824707,0.06569676731118035
35,3.8313066821743135e-07,1.2970497810169354e-07,1.0469952827874318,3.386855371481883,0.943507893499222,0.06864773466811447
36,4.138294320465285e-07,1.1748095204584373e-07,1.1309197880090522,3.397967888738138,0.942953945111085,0.06466797547969427
37,4.1096232140495197e-07,1.3569006184493993e-07,1.01107779922591,3.3222110612233315,0.9414970155160891,0.0727843407410721
38,4.022210231472943e-07,1.304157046217704e-07,1.1464380804353664,3.4608080836830704,0.9434019093339175,0.06573287918950566
39,3.855917034344899e-07,1.342369629302691e-07,1.1261213844550964,3.436624315602423,0.9442548251652967,0.06688736604109724
40,3.957117298286644e-07,1.3234842716220808e-07,0.9786241311945827,3.3508872781394636,0.9444250572952722,0.07491088345480934
41,4.2192771183964796e-07,1.2570673213844484e-07,1.1505938328558987,3.396263678399643,0.9430192838550671,0.0660035540180639
42,4.4969222730251854e-07,1.202027540693785e-07,0.9244014151608769,3.3173559666348003,0.9423366359277758,0.07135010193803504
43,3.643460215505041e-07,1.432272649203867e-07,1.0768992967737432,3.3457263628379823,0.9426522462463601,0.0763459234052194
44,3.9699949205461883e-07,1.2362301721273744e-07,0.9175358302468324,3.3840804472485178,0.9428734782513529,0.07566014511038754
45,4.2027726478998097e-07,1.2339897664068894e-07,0.9970500903281748,3.4080479099171757,0.9471469566560116,0.07060481068677127
46,3.967763934287569e-07,1.311366881893012e-07,1.0562694005068913,3.3875396411492336,0.9418535023987915,0.06920289850360206
47,4.138294320465285e-07,1.1748095204584373e-07,1.1309197880090522,3.397967888738138,0.942953945111085,0.06466797547969427
48,3.77898573998709e-07,1.322674775034342e-07,1.105113903126342,3.2600804159464976,0.9434658532669696,0.07379461575555069
49,3.9447360011110795e-07,1.201216876663268e-07,0.9787988761181795,3.339177595890165,0.9455794390081995,0.07020400341181321
50,3.878666150902404e-07,1.380846581769804e-07,1.043925958952976,3.4393703391470325,0.9421332853067615,0.07265502494997089
51,3.9468125329185005e-07,1.229044128444261e-07,0.97855039523703,3.327870321736566,0.9442930440281213,0.06648463164234975
52,3.961673780593072e-07,1.1563198359075863e-07,0.876157427107751,3.2654991685870227,0.9458575895555984,0.06695654054437528
53,3.468739725968633e-07,1.432015940025477e-07,1.1570284110174167,3.309767068172343,0.9409217909590506,0.0721053262511594
54,3.8077034061196283e-07,1.2868322247059803e-07,1.1415199254303554,3.487915008021699,0.9456847450817264,0.06645543775664897
55,4.162267019129151e-07,1.2377323662803347e-07,1.0689781601020139,3.401592619106533,0.943610500130496,0.06712240224977939
56,3.98567143895727e-07,1.3593767303008745e-07,1.136532556012168,3.419449077559533,0.9441965847380192,0.06494119252683495
57,4.2819191306016896e-07,1.243378631913494e-07,1.0950791523231458,3.440333186329053,0.9420111406926339,0.07007993770348264
58,3.9252641277925786e-07,1.3435028760348966e-07,1.1381461737204648,3.332551723645491,0.9431362047706484,0.07368895643219775
59,4.194845355841114e-07,1.1997235675926229e-07,1.1053514734939074,3.402701560840636,0.9411386022254993,0.06561556555046655
60,4.2477720008344146e-07,1.242376950412315e-07,0.9586296016258516,3.461379910834126,0.9467031605609841,0.06686293402836585
61,3.9574549251576475e-07,1.232118323364831e-07,1.0916582218733475,3.411993632157746,0.9446139082952161,0.0667343646932248
62,4.094103890487852e-07,1.2895904888013327e-07,0.9855152805114056,3.4121024880798396,0.9466819483943038,0.06813913424080698
63,3.720354363555904e-07,1.2194549235707882e-07,0.93447631273319,3.3052650004696513,0.9446270055734121,0.07330758221778966
64,3.9705987308261933e-07,1.332874544983494e-07,1.1638167898787666,3.364994658233252,0.9416444162396439,0.07216226045283747
65,4.4969222730251854e-07,1.202027540693785e-07,0.9244014151608769,3.3173559666348003,0.9423366359277758,0.07135010193803504
66,4.6682582868648533e-07,1.2516864678137793e-07,1.0425187153150715,3.366703646130044,0.9383912915421012,0.06842851107703396
67,3.827997978680348e-07,1.3035032157879585e-07,0.8353291766224733,3.384159735264541,0.9465150579110455,0.07423453228856391
68,4.1071043161608447e-07,1.3054744192171184e-07,1.049244580713177,3.385283696615992,0.9440055431681222,0.07165010515573111
69,4.3771574354320873e-07,1.283287727189365e-07,1.1264187311219038,3.372659680161263,0.9427060488307207,0.07022824807965644
70,3.818158484859812e-07,1.2449890903916757e-07,0.823130383673058,3.3914900327884454,0.9465893555553632,0.07408257826563136
71,4.3999388480393545e-07,1.1518944024799789e-07,0.8181300202409334,3.4077348846475273,0.9447004046425788,0.07315002118430591
72,4.014972316151124e-07,1.324808508341713e-07,1.1029268652893705,3.361608833427436,0.9450162519701036,0.0667471026534564
73,3.9468125329185005e-07,1.229044128444261e-07,0.97855039523703,3.327870321736566,0.9442930440281213,0.06648463164234975
74,3.720354363555904e-07,1.2194549235707882e-07,0.93447631273319,3.3052650004696513,0.9446270055734121,0.07330758221778966
75,3.846309487266993e-07,1.3758320562593445e-07,1.130028793671306,3.493627410833934,0.9451610131382676,0.06820683729021648
76,4.0708773091189375e-07,1.3510983881271635e-07,1.152540320294585,3.509916531832954,0.9434083870531174,0.06509212447223056
77,3.9699949205461883e-07,1.2362301721273744e-07,0.9175358302468324,3.3840804472485178,0.9428734782513529,0.07566014511038754
78,4.194845355841114e-07,1.1997235675926229e-07,1.1053514734939074,3.402701560840636,0.9411386022254993,0.06561556555046655
79,3.77898573998709e-07,1.322674775034342e-07,1.105113903126342,3.2600804159464976,0.9434658532669696,0.07379461575555069
80,3.827997978680348e-07,1.3035032157879585e-07,0.8353291766224733,3.384159735264541,0.9465150579110455,0.07423453228856391
81,4.0708773091189375e-07,1.3510983881271635e-07,1.152540320294585,3.509916531832954,0.9434083870531174,0.06509212447223056
82,3.961673780593072e-07,1.1563198359075863e-07,0.876157427107751,3.2654991685870227,0.9458575895555984,0.06695654054437528
83,3.9574549251576475e-07,1.232118323364831e-07,1.0916582218733475,3.411993632157746,0.9446139082952161,0.0667343646932248
84,3.9468125329185005e-07,1.229044128444261e-07,0.97855039523703,3.327870321736566,0.9442930440281213,0.06648463164234975
85,3.91055103766309e-07,1.3113802017290914e-07,1.008071014571338,3.407205623184833,0.9448640598389798,0.0700003268187731
86,3.9468125329185005e-07,1.229044128444261e-07,0.97855039523703,3.327870321736566,0.9442930440281213,0.06648463164234975
87,4.160754612147769e-07,1.2809424611659512e-07,0.9954649453048527,3.471236030850321,0.9454070274086264,0.06697350928062806
88,4.0762495783187056e-07,1.258694838994043e-07,1.2030719688550722,3.49467766744965,0.9423002903832889,0.06214901618312374
89,4.079677655892289e-07,1.217140583462264e-07,0.8317356028569498,3.337253945187814,0.9463458278488277,0.07083469827653865
90,4.1096232140495197e-07,1.3569006184493993e-07,1.01107779922591,3.3222110612233315,0.9414970155160891,0.0727843407410721
91,4.2426170217420354e-07,1.1630903755872854e-07,0.8995129925650962,3.372330049764895,0.9473681167833343,0.06178654332595057
92,3.878666150902404e-07,1.380846581769804e-07,1.043925958952976,3.4393703391470325,0.9421332853067615,0.07265502494997089
93,4.0484151938297575e-07,1.3233694955622783e-07,1.1246569717876485,3.3697941177216495,0.9438124986919403,0.06961311368956069
94,3.8859888516983297e-07,1.1178036900411425e-07,0.9270957204297936,3.3508767704150757,0.9466737402563368,0.07332778194177914
95,3.468739725968633e-07,1.432015940025477e-07,1.1570284110174167,3.309767068172343,0.9409217909590506,0.0721053262511594
96,4.0838933997220494e-07,1.2524649923659485e-07,1.1127633113967008,3.396070334633866,0.9439099062028316,0.06803356542095895
97,3.8040729337851343e-07,1.2197493827654516e-07,0.9315398672135325,3.4051192296267927,0.9457204168200232,0.07303013143067338
98,4.2192771183964796e-07,1.2570673213844484e-07,1.1505938328558987,3.396263678399643,0.9430192838550671,0.0660035540180639
99,3.749849989285938e-07,1.2854851774898575e-07,1.0261456920918015,3.29414753260596,0.944051965373389,0.07257037823986867
